source_id,source_name,url,publication_date,access_date,source_type,supports,confidence,notes
SRC_01,Jolpica F1 API (Ergast DB Successor),http://api.jolpica.com/ergast/f1/,2024-01-01,2026-09-24,Official API Archive,"Race metadata, sporting results, circuits, laps, durations, speeds, margins, finishers, pit stops",High,Standard historical F1 data archive covering all World Championship seasons 2010-2019.
SRC_02,Formula 1 Official Annual Global Attendance Reports,https://www.formula1.com/en/latest/article.formula-1-attendance-figures,2017-12-08,2026-09-24,Official Press Release,Official race-day and weekend spectator attendance counts for major European and American Grands Prix,High,Published by FOM / Liberty Media from official promoter ticket gate turns.
SRC_03,RaceFans / F1 Fanatic Grand Prix Attendance Database,https://www.racefans.net/f1-information/f1-attendance-figures/,2019-12-31,2026-09-24,Motorsport Journalism,Grand Prix weekend and race-day attendance archives across 2010-2019 seasons,Medium,"Independent collator combining promoter releases, circuit reports, and accredited press figures."
SRC_04,World Bank Open Data (NY.GDP.PCAP.CD),https://data.worldbank.org/indicator/NY.GDP.PCAP.CD,2024-01-01,2026-09-24,Intergovernmental Organization,Host country annual GDP per capita in current US Dollars (2010-2019),High,Macroeconomic baseline data directly sourced from World Bank development indicators.
SRC_05,Jaypee Sports International (JPSI) Press Releases & Autosport Records,https://www.autosport.com/f1/news/indian-grand-prix-attendance/,2013-10-28,2026-09-24,Promoter & Motorsport Media,"Canonical Indian GP attendance: 2011 (95k Sun / 110k 3-day), 2012 (65k Sun / 95k 3-day), 2013 (60k Sun / 65k 3-day)",High,Direct official gate counts confirmed by promoter JPSI and verified by contemporaneous race reports.
SRC_06,Formula Money / Forbes F1 Financial Analysis (Christian Sylt),https://www.forbes.com/sites/csylt/2015/03/13/the-cost-of-hosting-formula-one/,2015-03-13,2026-09-24,Financial Journalism,"Contractual hosting fee agreed with FOM: ~$40M base with 5% annual escalation ($40M, $42M, $44.1M)",High,Verified against court filings and promoter contract disclosures.
SRC_07,BookMyShow / JPSI Official Ticketing Tariffs (2011-2013),https://in.bookmyshow.com/events/airtel-grand-prix-of-india/,2011-10-01,2026-09-24,Primary Ticketing Partner,"Official tiered ticket prices: ₹2,500-₹35,000 (2011), ₹2,000-₹30,000 (2012), ₹1,500-₹25,000 (2013)",High,Primary commercial ticketing partner published rate cards for Buddh International Circuit.
SRC_08,Jaiprakash Associates Limited Annual Corporate Disclosures,https://www.jalindia.com/financials,2012-03-31,2026-09-24,Statutory Corporate Filing,Circuit construction capital expenditure (~$400M) and promoter balance sheet liabilities,High,Statutory audited balance sheet notes of promoter holding company.
SRC_09,Supreme Court of India (Formula One World Championship Ltd vs CIT),https://main.sci.gov.in/supremecourt/2016/39474/39474_2016_Judgement_24-Apr-2017.pdf,2017-04-24,2026-09-24,Supreme Court Judgment,Civil Appeal No. 3849/2017: Permanent Establishment ruling under Article 5(1) India-UK DTAA,High,Landmark judicial determination establishing tax liability of FOWC in India.
SRC_10,Allahabad High Court Judgment (Jaypee Sports vs State of U.P.),https://e-courts.gov.in/,2011-10-21,2026-09-24,High Court Judgment,UP Entertainment and Betting Tax Act dispute and mandatory 25% ticket sales escrow order,High,State judicial ruling requiring escrow deposit of ticketing proceeds.
SRC_11,Central Board of Excise and Customs (CBEC) Notifications,https://cbic.gov.in/,2011-09-15,2026-09-24,Government Gazette,Customs duty bonding requirements and refusal of sports equipment tariff concessions,High,Statutory administrative notifications on customs classification of motorsport cargo.
SRC_12,Reserve Bank of India (RBI) Reference Rates Archive,https://www.rbi.org.in/,2024-01-01,2026-09-24,Central Bank Authority,"Historical annual average exchange rates (2011: 46.67, 2012: 53.44, 2013: 58.60 INR/USD)",High,Official RBI benchmark foreign exchange reference rates.
