race_id,season,round,race_name,circuit_id,circuit_name,locality,country,continent,date,circuit_type,circuit_length_km,laps,race_distance_km,race_duration_min,average_speed_kmh,fastest_lap_time_s,winner_driver,winning_constructor,winning_margin_s,finishers_count,dnf_count,total_pit_stops,attendance_race_day,attendance_weekend,attendance_source,attendance_confidence,gdp_per_capita_usd,event_tenure_years
2010_01,2010,1,Bahrain Grand Prix,bahrain,Bahrain International Circuit,Sakhir,Bahrain,Middle East,2010-03-14,Permanent,5.412,49,265.188,99.3,195.8,118.3,Fernando Alonso,Ferrari,16.1,16,8,38,30000,84000,SRC_02;SRC_03,High,20722,7
2010_02,2010,2,Australian Grand Prix,albert_park,Albert Park Grand Prix Circuit,Melbourne,Australia,Oceania,2010-03-28,Hybrid,5.303,58,307.574,93.6,196.9,88.4,Jenson Button,McLaren,12.0,14,10,52,108000,334800,SRC_02;SRC_03,High,52022,15
2010_03,2010,3,Malaysian Grand Prix,sepang,Sepang International Circuit,Kuala Lumpur,Malaysia,Asia,2010-04-04,Permanent,5.543,56,310.408,93.8,198.5,97.1,Sebastian Vettel,Red Bull,4.8,17,7,34,62000,105400,SRC_02;SRC_03,High,9069,12
2010_04,2010,4,Chinese Grand Prix,shanghai,Shanghai International Circuit,Shanghai,China,Asia,2010-04-18,Permanent,5.451,56,305.256,106.7,171.6,102.1,Jenson Button,McLaren,1.5,17,7,65,50000,125000,SRC_02;SRC_03,High,4550,7
2010_05,2010,5,Spanish Grand Prix,catalunya,Circuit de Barcelona-Catalunya,Montmeló,Spain,Europe,2010-05-09,Permanent,4.655,66,307.23,95.9,192.1,84.4,Mark Webber,Red Bull,24.1,16,8,32,92000,174800,SRC_02;SRC_03,High,30737,20
2010_06,2010,6,Monaco Grand Prix,monaco,Circuit de Monaco,Monte-Carlo,Monaco,Europe,2010-05-16,Street,3.337,78,260.286,110.1,141.8,75.2,Mark Webber,Red Bull,0.4,15,9,28,62000,204600,SRC_02;SRC_03,High,153000,61
2010_07,2010,7,Turkish Grand Prix,istanbul,Istanbul Park,Istanbul,Turkey,Asia,2010-05-30,Permanent,5.338,58,309.604,88.6,209.6,86.3,Lewis Hamilton,McLaren,2.6,18,6,36,36000,64800,SRC_02;SRC_03,High,10672,6
2010_08,2010,8,Canadian Grand Prix,villeneuve,Circuit Gilles Villeneuve,Montreal,Canada,Americas,2010-06-13,Hybrid,4.361,70,305.27,93.9,195.1,76.9,Lewis Hamilton,McLaren,2.3,17,7,61,102000,295800,SRC_02;SRC_03,High,47447,33
2010_09,2010,9,European Grand Prix,valencia,Valencia Street Circuit,Valencia,Spain,Europe,2010-06-27,Street,5.419,57,308.883,100.4,184.6,98.8,Sebastian Vettel,Red Bull,5.0,20,4,39,45000,85500,SRC_02;SRC_03,High,30737,3
2010_10,2010,10,British Grand Prix,silverstone,Silverstone Circuit,Silverstone,United Kingdom,Europe,2010-07-11,Permanent,5.891,52,306.332,84.6,216.9,90.9,Mark Webber,Red Bull,1.4,19,5,33,115000,299000,SRC_02;SRC_03,High,39642,61
2010_11,2010,11,German Grand Prix,hockenheimring,Hockenheimring,Hockenheim,Germany,Europe,2010-07-25,Permanent,4.574,67,306.458,87.6,209.9,75.9,Fernando Alonso,Ferrari,4.2,19,5,38,65000,130000,SRC_02;SRC_03,High,41786,41
2010_12,2010,12,Hungarian Grand Prix,hungaroring,Hungaroring,Mogyoród,Hungary,Europe,2010-08-01,Permanent,4.381,70,306.67,101.1,181.9,82.4,Mark Webber,Red Bull,17.8,17,7,35,70000,189000,SRC_02;SRC_03,High,13092,25
2010_13,2010,13,Belgian Grand Prix,spa,Circuit de Spa-Francorchamps,Stavelot,Belgium,Europe,2010-08-29,Permanent,7.004,44,308.176,89.1,207.7,109.1,Lewis Hamilton,McLaren,1.6,17,7,54,75000,210000,SRC_02;SRC_03,High,44360,61
2010_14,2010,14,Italian Grand Prix,monza,Autodromo Nazionale di Monza,Monza,Italy,Europe,2010-09-12,Permanent,5.793,53,307.029,76.4,241.5,84.1,Fernando Alonso,Ferrari,3.4,18,6,29,82000,172200,SRC_02;SRC_03,High,35849,61
2010_15,2010,15,Singapore Grand Prix,marina_bay,Marina Bay Street Circuit,Marina Bay,Singapore,Asia,2010-09-26,Street,5.065,61,308.965,117.9,157.2,108.0,Fernando Alonso,Ferrari,0.3,17,7,30,83000,257300,SRC_02;SRC_03,High,47237,3
2010_16,2010,16,Japanese Grand Prix,suzuka,Suzuka International Racing Course,Suzuka,Japan,Asia,2010-10-10,Permanent,5.807,53,307.771,90.5,203.9,93.5,Sebastian Vettel,Red Bull,0.9,16,8,26,96000,211200,SRC_02;SRC_03,High,44508,24
2010_17,2010,17,Korean Grand Prix,yeongam,Korea International Circuit,Yeongam,South Korea,Asia,2010-10-24,Permanent,5.615,55,308.825,178.6,103.8,110.2,Fernando Alonso,Ferrari,15.0,15,9,48,80000,152000,SRC_02;SRC_03,High,23087,1
2010_18,2010,18,Brazilian Grand Prix,interlagos,Autódromo José Carlos Pace,São Paulo,Brazil,Americas,2010-11-07,Permanent,4.309,71,305.939,92.2,198.8,73.9,Sebastian Vettel,Red Bull,4.2,19,5,34,72000,151200,SRC_02;SRC_03,High,11286,38
2010_19,2010,19,Abu Dhabi Grand Prix,yas_marina,Yas Marina Circuit,Abu Dhabi,United Arab Emirates,Middle East,2010-11-14,Permanent,5.554,55,305.47,99.6,184.0,101.3,Sebastian Vettel,Red Bull,10.2,18,6,31,50000,120000,SRC_02;SRC_03,High,35038,2
2011_01,2011,1,Australian Grand Prix,albert_park,Albert Park Grand Prix Circuit,Melbourne,Australia,Oceania,2011-03-27,Hybrid,5.303,58,307.574,89.5,205.8,89.8,Sebastian Vettel,Red Bull,22.3,14,8,44,111000,344100,SRC_02;SRC_03,High,62518,16
2011_02,2011,2,Malaysian Grand Prix,sepang,Sepang International Circuit,Kuala Lumpur,Malaysia,Asia,2011-04-10,Permanent,5.543,56,310.408,97.6,190.8,100.6,Sebastian Vettel,Red Bull,3.3,17,7,58,65000,110500,SRC_02;SRC_03,High,10433,13
2011_03,2011,3,Chinese Grand Prix,shanghai,Shanghai International Circuit,Shanghai,China,Asia,2011-04-17,Permanent,5.451,56,305.256,96.9,188.9,99.8,Lewis Hamilton,McLaren,5.2,18,6,67,52000,130000,SRC_02;SRC_03,High,5618,8
2011_04,2011,4,Turkish Grand Prix,istanbul,Istanbul Park,Istanbul,Turkey,Asia,2011-05-08,Permanent,5.338,58,309.604,90.3,205.7,89.7,Sebastian Vettel,Red Bull,8.8,21,3,82,32000,57600,SRC_02;SRC_03,High,11341,7
2011_05,2011,5,Spanish Grand Prix,catalunya,Circuit de Barcelona-Catalunya,Montmeló,Spain,Europe,2011-05-22,Permanent,4.655,66,307.23,99.1,186.0,86.7,Sebastian Vettel,Red Bull,0.6,18,6,76,78000,148200,SRC_02;SRC_03,High,31835,21
2011_06,2011,6,Monaco Grand Prix,monaco,Circuit de Monaco,Monte-Carlo,Monaco,Europe,2011-05-29,Street,3.337,78,260.286,129.6,120.6,76.2,Sebastian Vettel,Red Bull,1.1,15,9,36,60000,198000,SRC_02;SRC_03,High,168000,62
2011_07,2011,7,Canadian Grand Prix,villeneuve,Circuit Gilles Villeneuve,Montreal,Canada,Americas,2011-06-12,Hybrid,4.361,70,305.27,244.7,74.9,73.1,Jenson Button,McLaren,2.7,17,7,79,104000,301600,SRC_02;SRC_03,High,52082,34
2011_08,2011,8,European Grand Prix,valencia,Valencia Street Circuit,Valencia,Spain,Europe,2011-06-26,Street,5.419,57,308.883,99.6,186.1,101.9,Sebastian Vettel,Red Bull,10.9,24,0,56,40000,76000,SRC_02;SRC_03,High,31835,4
2011_09,2011,9,British Grand Prix,silverstone,Silverstone Circuit,Silverstone,United Kingdom,Europe,2011-07-10,Permanent,5.891,52,306.332,88.8,206.6,94.9,Fernando Alonso,Ferrari,16.5,17,7,63,122000,317200,SRC_02;SRC_03,High,41412,62
2011_10,2011,10,German Grand Prix,nurburgring,Nürburgring,Nürburg,Germany,Europe,2011-07-24,Permanent,5.148,60,308.88,97.5,190.1,94.4,Lewis Hamilton,McLaren,4.0,18,6,60,52000,104000,SRC_02;SRC_03,High,45936,61
2011_11,2011,11,Hungarian Grand Prix,hungaroring,Hungaroring,Mogyoród,Hungary,Europe,2011-07-31,Permanent,4.381,70,306.67,106.7,172.5,83.4,Jenson Button,McLaren,3.6,19,5,84,72000,194400,SRC_02;SRC_03,High,14078,26
2011_12,2011,12,Belgian Grand Prix,spa,Circuit de Spa-Francorchamps,Stavelot,Belgium,Europe,2011-08-28,Permanent,7.004,44,308.176,86.7,213.3,109.9,Sebastian Vettel,Red Bull,3.7,18,6,63,76000,212800,SRC_02;SRC_03,High,47710,62
2011_13,2011,13,Italian Grand Prix,monza,Autodromo Nazionale di Monza,Monza,Italy,Europe,2011-09-11,Permanent,5.793,53,307.029,74.8,246.6,86.1,Sebastian Vettel,Red Bull,9.6,15,9,35,78000,163800,SRC_02;SRC_03,High,38335,62
2011_14,2011,14,Singapore Grand Prix,marina_bay,Marina Bay Street Circuit,Marina Bay,Singapore,Asia,2011-09-25,Street,5.065,61,308.965,119.1,155.7,108.5,Sebastian Vettel,Red Bull,1.7,17,7,59,82000,254200,SRC_02;SRC_03,High,53890,4
2011_15,2011,15,Japanese Grand Prix,suzuka,Suzuka International Racing Course,Suzuka,Japan,Asia,2011-10-09,Permanent,5.807,53,307.771,90.9,203.2,96.6,Jenson Button,McLaren,1.2,19,5,58,102000,224400,SRC_02;SRC_03,High,48168,25
2011_16,2011,16,Korean Grand Prix,yeongam,Korea International Circuit,Yeongam,South Korea,Asia,2011-10-16,Permanent,5.615,55,308.825,98.0,188.7,99.6,Sebastian Vettel,Red Bull,12.0,19,5,52,60000,114000,SRC_02;SRC_03,High,25100,2
2011_17,2011,17,Indian Grand Prix,buddh,Buddh International Circuit,Greater Noida,India,Asia,2011-10-30,Permanent,5.125,60,307.5,90.6,204.0,87.2,Sebastian Vettel,Red Bull,8.4,17,7,54,95000,114000,SRC_02;SRC_03,High,1458,1
2011_18,2011,18,Abu Dhabi Grand Prix,yas_marina,Yas Marina Circuit,Abu Dhabi,United Arab Emirates,Middle East,2011-11-13,Permanent,5.554,55,305.47,99.6,184.1,102.6,Lewis Hamilton,McLaren,8.5,19,5,49,50000,120000,SRC_02;SRC_03,High,40434,3
2011_19,2011,19,Brazilian Grand Prix,interlagos,Autódromo José Carlos Pace,São Paulo,Brazil,Americas,2011-11-27,Permanent,4.309,71,305.939,92.3,198.8,75.3,Mark Webber,Red Bull,17.0,19,5,48,70000,147000,SRC_02;SRC_03,High,13245,39
2012_01,2012,1,Australian Grand Prix,albert_park,Albert Park Grand Prix Circuit,Melbourne,Australia,Oceania,2012-03-18,Hybrid,5.303,58,307.574,94.1,195.8,89.2,Jenson Button,McLaren,2.1,16,8,41,114000,353400,SRC_02;SRC_03,High,67677,17
2012_02,2012,2,Malaysian Grand Prix,sepang,Sepang International Circuit,Kuala Lumpur,Malaysia,Asia,2012-03-25,Permanent,5.543,56,310.408,164.9,112.9,100.7,Fernando Alonso,Ferrari,2.2,18,6,73,63000,107100,SRC_02;SRC_03,High,10791,14
2012_03,2012,3,Chinese Grand Prix,shanghai,Shanghai International Circuit,Shanghai,China,Asia,2012-04-15,Permanent,5.451,56,305.256,96.4,189.9,100.0,Nico Rosberg,Mercedes,20.6,22,2,53,54000,135000,SRC_02;SRC_03,High,6317,9
2012_04,2012,4,Bahrain Grand Prix,bahrain,Bahrain International Circuit,Sakhir,Bahrain,Middle East,2012-04-22,Permanent,5.412,57,308.484,95.2,194.5,96.4,Sebastian Vettel,Red Bull,3.3,21,3,64,28000,78400,SRC_02;SRC_03,High,23654,9
2012_05,2012,5,Spanish Grand Prix,catalunya,Circuit de Barcelona-Catalunya,Montmeló,Spain,Europe,2012-05-13,Permanent,4.655,66,307.23,99.2,185.8,86.3,Pastor Maldonado,Williams,3.2,19,5,56,82000,155800,SRC_02;SRC_03,High,28562,22
2012_06,2012,6,Monaco Grand Prix,monaco,Circuit de Monaco,Monte-Carlo,Monaco,Europe,2012-05-27,Street,3.337,78,260.286,106.1,147.3,77.3,Mark Webber,Red Bull,0.6,15,9,29,61000,201300,SRC_02;SRC_03,High,163000,63
2012_07,2012,7,Canadian Grand Prix,villeneuve,Circuit Gilles Villeneuve,Montreal,Canada,Americas,2012-06-10,Hybrid,4.361,70,305.27,92.5,198.0,73.7,Lewis Hamilton,McLaren,2.5,19,5,38,107000,310300,SRC_02;SRC_03,High,52497,35
2012_08,2012,8,European Grand Prix,valencia,Valencia Street Circuit,Valencia,Spain,Europe,2012-06-24,Street,5.419,57,308.883,104.3,177.7,102.2,Fernando Alonso,Ferrari,6.4,15,9,39,41000,77900,SRC_02;SRC_03,High,28562,5
2012_09,2012,9,British Grand Prix,silverstone,Silverstone Circuit,Silverstone,United Kingdom,Europe,2012-07-08,Permanent,5.891,52,306.332,85.3,215.1,94.7,Mark Webber,Red Bull,3.0,20,4,45,127000,330200,SRC_02;SRC_03,High,41791,63
2012_10,2012,10,German Grand Prix,hockenheimring,Hockenheimring,Hockenheim,Germany,Europe,2012-07-22,Permanent,4.574,67,306.458,91.1,201.8,78.7,Fernando Alonso,Ferrari,3.7,21,3,51,58000,116000,SRC_02;SRC_03,High,44065,43
2012_11,2012,11,Hungarian Grand Prix,hungaroring,Hungaroring,Mogyoród,Hungary,Europe,2012-07-29,Permanent,4.381,69,302.289,101.1,179.3,84.1,Lewis Hamilton,McLaren,1.0,20,4,49,74000,199800,SRC_02;SRC_03,High,12845,27
2012_12,2012,12,Belgian Grand Prix,spa,Circuit de Spa-Francorchamps,Stavelot,Belgium,Europe,2012-09-02,Permanent,7.004,44,308.176,89.1,207.6,112.8,Jenson Button,McLaren,13.6,18,6,29,78000,218400,SRC_02;SRC_03,High,44741,63
2012_13,2012,13,Italian Grand Prix,monza,Autodromo Nazionale di Monza,Monza,Italy,Europe,2012-09-09,Permanent,5.793,53,307.029,79.7,230.9,87.2,Lewis Hamilton,McLaren,4.4,17,7,31,84000,176400,SRC_02;SRC_03,High,34814,63
2012_14,2012,14,Singapore Grand Prix,marina_bay,Marina Bay Street Circuit,Marina Bay,Singapore,Asia,2012-09-23,Street,5.065,59,298.835,120.4,148.9,111.1,Sebastian Vettel,Red Bull,8.9,16,8,38,85000,263500,SRC_02;SRC_03,High,55546,5
2012_15,2012,15,Japanese Grand Prix,suzuka,Suzuka International Racing Course,Suzuka,Japan,Asia,2012-10-07,Permanent,5.807,53,307.771,88.9,207.5,95.8,Sebastian Vettel,Red Bull,20.6,19,5,34,103000,226600,SRC_02;SRC_03,High,48603,26
2012_16,2012,16,Korean Grand Prix,yeongam,Korea International Circuit,Yeongam,South Korea,Asia,2012-10-14,Permanent,5.615,55,308.825,96.4,191.9,102.1,Sebastian Vettel,Red Bull,8.2,20,4,44,45000,85500,SRC_02;SRC_03,High,25467,3
2012_17,2012,17,Indian Grand Prix,buddh,Buddh International Circuit,Greater Noida,India,Asia,2012-10-28,Permanent,5.125,60,307.5,91.2,202.4,88.2,Sebastian Vettel,Red Bull,9.4,19,5,30,65000,78000,SRC_02;SRC_03,High,1443,2
2012_18,2012,18,Abu Dhabi Grand Prix,yas_marina,Yas Marina Circuit,Abu Dhabi,United Arab Emirates,Middle East,2012-11-04,Permanent,5.554,55,305.47,106.0,172.9,103.9,Kimi Räikkönen,Lotus,0.9,17,7,34,52000,124800,SRC_02;SRC_03,High,42076,4
2012_19,2012,19,United States Grand Prix,americas,Circuit of the Americas,Austin,United States,Americas,2012-11-18,Permanent,5.513,56,308.728,95.9,193.1,99.4,Lewis Hamilton,McLaren,0.7,21,3,27,117000,304200,SRC_02;SRC_03,High,51603,1
2012_20,2012,20,Brazilian Grand Prix,interlagos,Autódromo José Carlos Pace,São Paulo,Brazil,Americas,2012-11-25,Permanent,4.309,71,305.939,105.4,173.8,78.1,Jenson Button,McLaren,2.7,18,6,68,71000,149100,SRC_02;SRC_03,High,12370,40
2013_01,2013,1,Australian Grand Prix,albert_park,Albert Park Grand Prix Circuit,Melbourne,Australia,Oceania,2013-03-17,Hybrid,5.303,58,307.574,90.0,204.9,89.3,Kimi Räikkönen,Lotus,12.5,18,4,49,103000,319300,SRC_02;SRC_03,High,67792,18
2013_02,2013,2,Malaysian Grand Prix,sepang,Sepang International Circuit,Kuala Lumpur,Malaysia,Asia,2013-03-24,Permanent,5.543,56,310.408,98.9,188.3,99.2,Sebastian Vettel,Red Bull,4.3,17,5,75,61000,103700,SRC_02;SRC_03,High,10830,15
2013_03,2013,3,Chinese Grand Prix,shanghai,Shanghai International Circuit,Shanghai,China,Asia,2013-04-14,Permanent,5.451,56,305.256,96.5,189.7,100.8,Fernando Alonso,Ferrari,10.2,18,4,62,53000,132500,SRC_02;SRC_03,High,7051,10
2013_04,2013,4,Bahrain Grand Prix,bahrain,Bahrain International Circuit,Sakhir,Bahrain,Middle East,2013-04-21,Permanent,5.412,57,308.484,96.0,192.9,96.9,Sebastian Vettel,Red Bull,9.1,20,2,69,28000,78400,SRC_02;SRC_03,High,24737,10
2013_05,2013,5,Spanish Grand Prix,catalunya,Circuit de Barcelona-Catalunya,Montmeló,Spain,Europe,2013-05-12,Permanent,4.655,66,307.23,99.3,185.7,86.3,Fernando Alonso,Ferrari,9.3,18,4,78,80000,152000,SRC_02;SRC_03,High,29210,23
2013_06,2013,6,Monaco Grand Prix,monaco,Circuit de Monaco,Monte-Carlo,Monaco,Europe,2013-05-26,Street,3.337,78,260.286,137.9,113.4,76.6,Nico Rosberg,Mercedes,3.9,15,7,34,60000,198000,SRC_02;SRC_03,High,173000,64
2013_07,2013,7,Canadian Grand Prix,villeneuve,Circuit Gilles Villeneuve,Montreal,Canada,Americas,2013-06-09,Hybrid,4.361,70,305.27,92.2,198.7,76.2,Sebastian Vettel,Red Bull,14.4,17,5,41,106000,307400,SRC_02;SRC_03,High,52414,36
2013_08,2013,8,British Grand Prix,silverstone,Silverstone Circuit,Silverstone,United Kingdom,Europe,2013-06-30,Permanent,5.891,52,306.332,92.9,197.6,93.4,Nico Rosberg,Mercedes,0.8,17,5,52,120000,312000,SRC_02;SRC_03,High,42724,64
2013_09,2013,9,German Grand Prix,nurburgring,Nürburgring,Nürburg,Germany,Europe,2013-07-07,Permanent,5.148,60,308.88,101.2,183.1,93.4,Sebastian Vettel,Red Bull,1.0,18,4,57,45000,90000,SRC_02;SRC_03,High,46531,63
2013_10,2013,10,Hungarian Grand Prix,hungaroring,Hungaroring,Mogyoród,Hungary,Europe,2013-07-28,Permanent,4.381,70,306.67,102.4,179.5,84.1,Lewis Hamilton,Mercedes,10.9,17,5,55,72000,194400,SRC_02;SRC_03,High,13600,28
2013_11,2013,11,Belgian Grand Prix,spa,Circuit de Spa-Francorchamps,Stavelot,Belgium,Europe,2013-08-25,Permanent,7.004,44,308.176,83.7,220.8,110.8,Sebastian Vettel,Red Bull,16.9,18,4,38,75000,210000,SRC_02;SRC_03,High,46543,64
2013_12,2013,12,Italian Grand Prix,monza,Autodromo Nazionale di Monza,Monza,Italy,Europe,2013-09-08,Permanent,5.793,53,307.029,78.6,234.3,85.8,Sebastian Vettel,Red Bull,5.5,19,3,27,75000,157500,SRC_02;SRC_03,High,35370,64
2013_13,2013,13,Singapore Grand Prix,marina_bay,Marina Bay Street Circuit,Marina Bay,Singapore,Asia,2013-09-22,Street,5.065,61,308.965,119.2,155.5,108.6,Sebastian Vettel,Red Bull,32.6,17,5,38,86000,266600,SRC_02;SRC_03,High,56906,6
2013_14,2013,14,Korean Grand Prix,yeongam,Korea International Circuit,Yeongam,South Korea,Asia,2013-10-06,Permanent,5.615,55,308.825,103.2,179.2,101.4,Sebastian Vettel,Red Bull,4.2,16,6,42,40000,76000,SRC_02;SRC_03,High,27179,4
2013_15,2013,15,Japanese Grand Prix,suzuka,Suzuka International Racing Course,Suzuka,Japan,Asia,2013-10-13,Permanent,5.807,53,307.771,86.8,212.5,94.6,Sebastian Vettel,Red Bull,7.1,18,4,43,89000,195800,SRC_02;SRC_03,High,40454,27
2013_16,2013,16,Indian Grand Prix,buddh,Buddh International Circuit,Greater Noida,India,Asia,2013-10-27,Permanent,5.125,60,307.5,91.2,202.4,87.7,Sebastian Vettel,Red Bull,29.8,17,5,36,60000,72000,SRC_02;SRC_03,High,1449,3
2013_17,2013,17,Abu Dhabi Grand Prix,yas_marina,Yas Marina Circuit,Abu Dhabi,United Arab Emirates,Middle East,2013-11-03,Permanent,5.554,55,305.47,98.1,186.9,103.4,Sebastian Vettel,Red Bull,30.8,20,2,35,50000,120000,SRC_02;SRC_03,High,43312,5
2013_18,2013,18,United States Grand Prix,americas,Circuit of the Americas,Austin,United States,Americas,2013-11-17,Permanent,5.513,56,308.728,92.7,199.7,99.9,Sebastian Vettel,Red Bull,6.3,20,2,24,113000,293800,SRC_02;SRC_03,High,53107,2
2013_19,2013,19,Brazilian Grand Prix,interlagos,Autódromo José Carlos Pace,São Paulo,Brazil,Americas,2013-11-24,Permanent,4.309,71,305.939,92.6,197.8,79.0,Sebastian Vettel,Red Bull,10.5,17,5,38,70000,147000,SRC_02;SRC_03,High,12300,41
2014_01,2014,1,Australian Grand Prix,albert_park,Albert Park Grand Prix Circuit,Melbourne,Australia,Oceania,2014-03-16,Hybrid,5.303,57,302.271,92.9,195.1,92.5,Nico Rosberg,Mercedes,26.8,14,8,30,101000,313100,SRC_02;SRC_03,High,62215,19
2014_02,2014,2,Malaysian Grand Prix,sepang,Sepang International Circuit,Kuala Lumpur,Malaysia,Asia,2014-03-30,Permanent,5.543,56,310.408,100.4,185.5,103.1,Lewis Hamilton,Mercedes,17.3,15,7,47,58000,98600,SRC_02;SRC_03,High,11184,16
2014_03,2014,3,Bahrain Grand Prix,bahrain,Bahrain International Circuit,Sakhir,Bahrain,Middle East,2014-04-06,Permanent,5.412,57,308.484,99.7,185.7,97.0,Lewis Hamilton,Mercedes,1.1,17,5,42,31000,86800,SRC_02;SRC_03,High,24982,11
2014_04,2014,4,Chinese Grand Prix,shanghai,Shanghai International Circuit,Shanghai,China,Asia,2014-04-20,Permanent,5.451,54,294.354,93.5,188.7,100.4,Lewis Hamilton,Mercedes,18.0,18,4,36,54000,135000,SRC_02;SRC_03,High,7679,11
2014_05,2014,5,Spanish Grand Prix,catalunya,Circuit de Barcelona-Catalunya,Montmeló,Spain,Europe,2014-05-11,Permanent,4.655,66,307.23,101.1,182.4,88.9,Lewis Hamilton,Mercedes,0.6,18,4,46,84000,159600,SRC_02;SRC_03,High,29623,24
2014_06,2014,6,Monaco Grand Prix,monaco,Circuit de Monaco,Monte-Carlo,Monaco,Europe,2014-05-25,Street,3.337,78,260.286,109.3,142.8,78.5,Nico Rosberg,Mercedes,9.2,14,8,23,62000,204600,SRC_02;SRC_03,High,185000,65
2014_07,2014,7,Canadian Grand Prix,villeneuve,Circuit Gilles Villeneuve,Montreal,Canada,Americas,2014-06-08,Hybrid,4.361,70,305.27,99.2,184.6,78.5,Daniel Ricciardo,Red Bull,4.2,11,11,33,110000,319000,SRC_02;SRC_03,High,50443,37
2014_08,2014,8,Austrian Grand Prix,red_bull_ring,Red Bull Ring,Spielberg,Austria,Europe,2014-06-22,Permanent,4.318,71,306.578,87.9,209.3,72.2,Nico Rosberg,Mercedes,1.9,18,4,39,90000,207000,SRC_02;SRC_03,High,51717,45
2014_09,2014,9,British Grand Prix,silverstone,Silverstone Circuit,Silverstone,United Kingdom,Europe,2014-07-06,Permanent,5.891,52,306.332,146.9,125.0,97.2,Lewis Hamilton,Mercedes,30.1,14,8,30,120000,312000,SRC_02;SRC_03,High,46783,65
2014_10,2014,10,German Grand Prix,hockenheimring,Hockenheimring,Hockenheim,Germany,Europe,2014-07-20,Permanent,4.574,67,306.458,93.7,196.2,79.9,Nico Rosberg,Mercedes,20.8,16,6,44,52000,104000,SRC_02;SRC_03,High,47903,45
2014_11,2014,11,Hungarian Grand Prix,hungaroring,Hungaroring,Mogyoród,Hungary,Europe,2014-07-27,Permanent,4.381,70,306.67,113.1,162.6,85.7,Daniel Ricciardo,Red Bull,5.2,16,6,46,75000,202500,SRC_02;SRC_03,High,14169,29
2014_12,2014,12,Belgian Grand Prix,spa,Circuit de Spa-Francorchamps,Stavelot,Belgium,Europe,2014-08-24,Permanent,7.004,44,308.176,84.6,218.4,110.5,Daniel Ricciardo,Red Bull,3.4,18,4,39,80000,224000,SRC_02;SRC_03,High,47343,65
2014_13,2014,13,Italian Grand Prix,monza,Autodromo Nazionale di Monza,Monza,Italy,Europe,2014-09-07,Permanent,5.793,53,307.029,79.2,232.5,88.0,Lewis Hamilton,Mercedes,3.2,19,3,27,77000,161700,SRC_02;SRC_03,High,35397,65
2014_14,2014,14,Singapore Grand Prix,marina_bay,Marina Bay Street Circuit,Marina Bay,Singapore,Asia,2014-09-21,Street,5.065,60,303.9,120.1,151.8,110.0,Lewis Hamilton,Mercedes,13.5,17,5,34,84000,260400,SRC_02;SRC_03,High,57560,7
2014_15,2014,15,Japanese Grand Prix,suzuka,Suzuka International Racing Course,Suzuka,Japan,Asia,2014-10-05,Permanent,5.807,44,255.508,111.7,137.2,111.6,Lewis Hamilton,Mercedes,9.2,19,3,40,82000,180400,SRC_02;SRC_03,High,38109,28
2014_16,2014,16,Russian Grand Prix,sochi,Sochi Autodrom,Sochi,Russia,Europe,2014-10-12,Permanent,5.848,53,309.944,92.0,202.1,100.8,Lewis Hamilton,Mercedes,13.7,19,2,23,55000,143000,SRC_02;SRC_03,High,14126,1
2014_17,2014,17,United States Grand Prix,americas,Circuit of the Americas,Austin,United States,Americas,2014-11-02,Permanent,5.513,56,308.728,100.1,185.0,101.4,Lewis Hamilton,Mercedes,4.3,14,4,27,107000,278200,SRC_02;SRC_03,High,55033,3
2014_18,2014,18,Brazilian Grand Prix,interlagos,Autódromo José Carlos Pace,São Paulo,Brazil,Americas,2014-11-09,Permanent,4.309,71,305.939,90.0,203.9,73.6,Nico Rosberg,Mercedes,1.5,16,2,45,68000,142800,SRC_02;SRC_03,High,12112,42
2014_19,2014,19,Abu Dhabi Grand Prix,yas_marina,Yas Marina Circuit,Abu Dhabi,United Arab Emirates,Middle East,2014-11-23,Permanent,5.554,55,305.47,99.0,185.2,104.5,Lewis Hamilton,Mercedes,2.6,16,4,33,55000,132000,SRC_02;SRC_03,High,44443,6
2015_01,2015,1,Australian Grand Prix,albert_park,Albert Park Grand Prix Circuit,Melbourne,Australia,Oceania,2015-03-15,Hybrid,5.303,58,307.574,91.9,200.7,90.9,Lewis Hamilton,Mercedes,1.4,11,4,16,101000,313100,SRC_02;SRC_03,High,56561,20
2015_02,2015,2,Malaysian Grand Prix,sepang,Sepang International Circuit,Kuala Lumpur,Malaysia,Asia,2015-03-29,Permanent,5.543,56,310.408,101.1,184.2,102.1,Sebastian Vettel,Ferrari,8.6,15,5,41,52000,88400,SRC_02;SRC_03,High,9643,17
2015_03,2015,3,Chinese Grand Prix,shanghai,Shanghai International Circuit,Shanghai,China,Asia,2015-04-12,Permanent,5.451,56,305.256,99.7,183.6,102.2,Lewis Hamilton,Mercedes,0.7,17,3,37,54000,135000,SRC_02;SRC_03,High,8069,12
2015_04,2015,4,Bahrain Grand Prix,bahrain,Bahrain International Circuit,Sakhir,Bahrain,Middle East,2015-04-19,Permanent,5.412,57,308.484,95.1,194.7,94.5,Lewis Hamilton,Mercedes,3.4,17,3,40,32000,89600,SRC_02;SRC_03,High,22634,12
2015_05,2015,5,Spanish Grand Prix,catalunya,Circuit de Barcelona-Catalunya,Montmeló,Spain,Europe,2015-05-10,Permanent,4.655,66,307.23,101.2,182.2,88.3,Nico Rosberg,Mercedes,17.5,18,2,41,86000,163400,SRC_02;SRC_03,High,25754,25
2015_06,2015,6,Monaco Grand Prix,monaco,Circuit de Monaco,Monte-Carlo,Monaco,Europe,2015-05-24,Street,3.337,78,260.286,109.3,142.8,78.1,Nico Rosberg,Mercedes,4.5,14,6,21,62000,204600,SRC_02;SRC_03,High,166000,66
2015_07,2015,7,Canadian Grand Prix,villeneuve,Circuit Gilles Villeneuve,Montreal,Canada,Americas,2015-06-07,Hybrid,4.361,70,305.27,87.3,209.8,76.9,Lewis Hamilton,Mercedes,2.3,16,4,21,112000,324800,SRC_02;SRC_03,High,43316,38
2015_08,2015,8,Austrian Grand Prix,red_bull_ring,Red Bull Ring,Spielberg,Austria,Europe,2015-06-21,Permanent,4.318,71,306.578,90.3,203.7,71.2,Nico Rosberg,Mercedes,3.8,14,6,26,55000,126500,SRC_02;SRC_03,High,44178,46
2015_09,2015,9,British Grand Prix,silverstone,Silverstone Circuit,Silverstone,United Kingdom,Europe,2015-07-05,Permanent,5.891,52,306.332,91.4,200.9,97.1,Lewis Hamilton,Mercedes,10.9,13,7,36,140000,364000,SRC_02;SRC_03,High,44306,66
2015_10,2015,10,Hungarian Grand Prix,hungaroring,Hungaroring,Mogyoród,Hungary,Europe,2015-07-26,Permanent,4.381,69,302.289,106.2,170.6,84.8,Sebastian Vettel,Ferrari,5.7,16,4,38,70000,189000,SRC_02;SRC_03,High,12470,30
2015_11,2015,11,Belgian Grand Prix,spa,Circuit de Spa-Francorchamps,Stavelot,Belgium,Europe,2015-08-23,Permanent,7.004,43,301.172,83.7,215.8,112.4,Lewis Hamilton,Mercedes,2.1,18,2,33,72000,201600,SRC_02;SRC_03,High,40367,66
2015_12,2015,12,Italian Grand Prix,monza,Autodromo Nazionale di Monza,Monza,Italy,Europe,2015-09-06,Permanent,5.793,53,307.029,78.0,235.9,86.7,Lewis Hamilton,Mercedes,25.0,16,4,23,86000,180600,SRC_02;SRC_03,High,30442,66
2015_13,2015,13,Singapore Grand Prix,marina_bay,Marina Bay Street Circuit,Marina Bay,Singapore,Asia,2015-09-20,Street,5.065,61,308.965,121.4,152.7,110.1,Sebastian Vettel,Ferrari,1.5,15,5,29,86000,266600,SRC_02;SRC_03,High,55646,8
2015_14,2015,14,Japanese Grand Prix,suzuka,Suzuka International Racing Course,Suzuka,Japan,Asia,2015-09-27,Permanent,5.807,53,307.771,88.1,209.4,96.1,Lewis Hamilton,Mercedes,19.0,18,2,36,81000,178200,SRC_02;SRC_03,High,34524,29
2015_15,2015,15,Russian Grand Prix,sochi,Sochi Autodrom,Sochi,Russia,Europe,2015-10-11,Permanent,5.848,53,309.944,97.2,191.2,100.1,Lewis Hamilton,Mercedes,6.0,14,6,23,60000,156000,SRC_02;SRC_03,High,9329,2
2015_16,2015,16,United States Grand Prix,americas,Circuit of the Americas,Austin,United States,Americas,2015-10-25,Permanent,5.513,56,308.728,110.9,166.9,100.6,Lewis Hamilton,Mercedes,2.9,12,8,42,101000,262600,SRC_02;SRC_03,High,56803,4
2015_17,2015,17,Mexican Grand Prix,rodriguez,Autódromo Hermanos Rodríguez,Mexico City,Mexico,Americas,2015-11-01,Permanent,4.304,71,305.584,102.6,178.6,80.5,Nico Rosberg,Mercedes,1.9,17,3,27,134000,348400,SRC_02;SRC_03,High,9617,53
2015_18,2015,18,Brazilian Grand Prix,interlagos,Autódromo José Carlos Pace,São Paulo,Brazil,Americas,2015-11-15,Permanent,4.309,71,305.939,91.1,201.4,74.8,Nico Rosberg,Mercedes,7.8,18,2,45,65000,136500,SRC_02;SRC_03,High,8814,43
2015_19,2015,19,Abu Dhabi Grand Prix,yas_marina,Yas Marina Circuit,Abu Dhabi,United Arab Emirates,Middle East,2015-11-29,Permanent,5.554,55,305.47,98.5,186.2,104.5,Nico Rosberg,Mercedes,8.2,18,2,36,60000,144000,SRC_02;SRC_03,High,39122,7
2016_01,2016,1,Australian Grand Prix,albert_park,Albert Park Grand Prix Circuit,Melbourne,Australia,Oceania,2016-03-20,Hybrid,5.303,57,302.271,108.9,166.4,88.9,Nico Rosberg,Mercedes,8.1,16,6,38,91000,282100,SRC_02;SRC_03,High,49971,21
2016_02,2016,2,Bahrain Grand Prix,bahrain,Bahrain International Circuit,Sakhir,Bahrain,Middle East,2016-04-03,Permanent,5.412,57,308.484,93.6,197.8,94.5,Nico Rosberg,Mercedes,10.3,17,5,48,31000,86800,SRC_02;SRC_03,High,22615,13
2016_03,2016,3,Chinese Grand Prix,shanghai,Shanghai International Circuit,Shanghai,China,Asia,2016-04-17,Permanent,5.451,56,305.256,98.9,185.1,99.8,Nico Rosberg,Mercedes,37.8,22,0,66,56000,140000,SRC_02;SRC_03,High,8148,13
2016_04,2016,4,Russian Grand Prix,sochi,Sochi Autodrom,Sochi,Russia,Europe,2016-05-01,Permanent,5.848,53,309.944,92.7,200.7,99.0,Nico Rosberg,Mercedes,25.0,18,4,25,60000,156000,SRC_02;SRC_03,High,8705,3
2016_05,2016,5,Spanish Grand Prix,catalunya,Circuit de Barcelona-Catalunya,Montmeló,Spain,Europe,2016-05-15,Permanent,4.655,66,307.23,101.7,181.3,86.9,Max Verstappen,Red Bull,0.6,16,6,39,87000,165300,SRC_02;SRC_03,High,26523,26
2016_06,2016,6,Monaco Grand Prix,monaco,Circuit de Monaco,Monte-Carlo,Monaco,Europe,2016-05-29,Street,3.337,78,260.286,119.5,130.7,77.9,Lewis Hamilton,Mercedes,7.3,15,7,33,63000,207900,SRC_02;SRC_03,High,169000,67
2016_07,2016,7,Canadian Grand Prix,villeneuve,Circuit Gilles Villeneuve,Montreal,Canada,Americas,2016-06-12,Hybrid,4.361,70,305.27,91.1,201.2,75.5,Lewis Hamilton,Mercedes,5.0,18,4,30,115000,333500,SRC_02;SRC_03,High,42158,39
2016_08,2016,8,European Grand Prix,baku,Baku City Circuit,Baku,Azerbaijan,Asia,2016-06-19,Street,6.003,51,306.153,92.9,197.7,106.5,Nico Rosberg,Mercedes,16.7,18,4,26,28000,70000,SRC_02;SRC_03,High,3881,1
2016_09,2016,9,Austrian Grand Prix,red_bull_ring,Red Bull Ring,Spielberg,Austria,Europe,2016-07-03,Permanent,4.318,71,306.578,87.6,210.0,68.4,Lewis Hamilton,Mercedes,5.7,16,6,38,45000,103500,SRC_02;SRC_03,High,45277,47
2016_10,2016,10,British Grand Prix,silverstone,Silverstone Circuit,Silverstone,United Kingdom,Europe,2016-07-10,Permanent,5.891,52,306.332,94.9,193.5,95.5,Lewis Hamilton,Mercedes,8.2,16,6,42,139000,361400,SRC_02;SRC_03,High,40445,67
2016_11,2016,11,Hungarian Grand Prix,hungaroring,Hungaroring,Mogyoród,Hungary,Europe,2016-07-24,Permanent,4.381,70,306.67,100.5,183.0,83.1,Lewis Hamilton,Mercedes,2.0,20,2,44,75000,202500,SRC_02;SRC_03,High,12882,31
2016_12,2016,12,German Grand Prix,hockenheimring,Hockenheimring,Hockenheim,Germany,Europe,2016-07-31,Permanent,4.574,67,306.458,90.7,202.7,78.4,Lewis Hamilton,Mercedes,6.9,20,2,57,57000,114000,SRC_02;SRC_03,High,42233,47
2016_13,2016,13,Belgian Grand Prix,spa,Circuit de Spa-Francorchamps,Stavelot,Belgium,Europe,2016-08-28,Permanent,7.004,44,308.176,104.9,176.3,111.6,Nico Rosberg,Mercedes,14.1,17,5,41,85000,238000,SRC_02;SRC_03,High,41261,67
2016_14,2016,14,Italian Grand Prix,monza,Autodromo Nazionale di Monza,Monza,Italy,Europe,2016-09-04,Permanent,5.793,53,307.029,77.5,237.6,85.3,Nico Rosberg,Mercedes,15.1,18,4,27,85000,178500,SRC_02;SRC_03,High,30939,67
2016_15,2016,15,Singapore Grand Prix,marina_bay,Marina Bay Street Circuit,Marina Bay,Singapore,Asia,2016-09-18,Street,5.065,61,308.965,115.9,160.0,107.2,Nico Rosberg,Mercedes,0.5,18,4,45,73000,226300,SRC_02;SRC_03,High,56896,9
2016_16,2016,16,Malaysian Grand Prix,sepang,Sepang International Circuit,Kuala Lumpur,Malaysia,Asia,2016-10-02,Permanent,5.543,56,310.408,97.2,191.6,96.4,Daniel Ricciardo,Red Bull,2.4,16,6,36,45000,76500,SRC_02;SRC_03,High,9508,18
2016_17,2016,17,Japanese Grand Prix,suzuka,Suzuka International Racing Course,Suzuka,Japan,Asia,2016-10-09,Permanent,5.807,53,307.771,86.7,212.8,95.1,Nico Rosberg,Mercedes,4.9,21,1,38,72000,158400,SRC_02;SRC_03,High,39213,30
2016_18,2016,18,United States Grand Prix,americas,Circuit of the Americas,Austin,United States,Americas,2016-10-23,Permanent,5.513,56,308.728,98.2,188.5,101.4,Lewis Hamilton,Mercedes,4.5,17,5,34,110000,286000,SRC_02;SRC_03,High,57904,5
2016_19,2016,19,Mexican Grand Prix,rodriguez,Autódromo Hermanos Rodríguez,Mexico City,Mexico,Americas,2016-10-30,Permanent,4.304,71,305.584,100.5,182.4,82.1,Lewis Hamilton,Mercedes,8.4,19,3,26,135000,351000,SRC_02;SRC_03,High,8745,54
2016_20,2016,20,Brazilian Grand Prix,interlagos,Autódromo José Carlos Pace,São Paulo,Brazil,Americas,2016-11-13,Permanent,4.309,71,305.939,181.0,101.3,85.3,Lewis Hamilton,Mercedes,11.5,16,6,42,60000,126000,SRC_02;SRC_03,High,8712,44
2016_21,2016,21,Abu Dhabi Grand Prix,yas_marina,Yas Marina Circuit,Abu Dhabi,United Arab Emirates,Middle East,2016-11-27,Permanent,5.554,55,305.47,98.1,187.0,105.1,Lewis Hamilton,Mercedes,0.4,17,5,33,60000,144000,SRC_02;SRC_03,High,38141,8
2017_01,2017,1,Australian Grand Prix,albert_park,Albert Park Grand Prix Circuit,Melbourne,Australia,Oceania,2017-03-26,Hybrid,5.303,57,302.271,84.1,215.4,86.5,Sebastian Vettel,Ferrari,10.0,13,7,20,99000,306900,SRC_02;SRC_03,High,54066,22
2017_02,2017,2,Chinese Grand Prix,shanghai,Shanghai International Circuit,Shanghai,China,Asia,2017-04-09,Permanent,5.451,56,305.256,97.6,187.6,95.4,Lewis Hamilton,Mercedes,6.3,14,6,38,60000,150000,SRC_02;SRC_03,High,8879,14
2017_03,2017,3,Bahrain Grand Prix,bahrain,Bahrain International Circuit,Sakhir,Bahrain,Middle East,2017-04-16,Permanent,5.412,57,308.484,94.0,197.0,92.8,Sebastian Vettel,Ferrari,6.7,14,6,31,33000,92400,SRC_02;SRC_03,High,23743,14
2017_04,2017,4,Russian Grand Prix,sochi,Sochi Autodrom,Sochi,Russia,Europe,2017-04-30,Permanent,5.848,52,304.096,88.1,207.1,96.8,Valtteri Bottas,Mercedes,0.6,16,4,18,60000,156000,SRC_02;SRC_03,High,10720,4
2017_05,2017,5,Spanish Grand Prix,catalunya,Circuit de Barcelona-Catalunya,Montmeló,Spain,Europe,2017-05-14,Permanent,4.655,66,307.23,96.0,192.1,83.6,Lewis Hamilton,Mercedes,3.5,16,4,31,95000,180500,SRC_02;SRC_03,High,28170,27
2017_06,2017,6,Monaco Grand Prix,monaco,Circuit de Monaco,Monte-Carlo,Monaco,Europe,2017-05-28,Street,3.337,78,260.286,104.7,149.1,74.8,Sebastian Vettel,Ferrari,3.1,13,7,16,65000,214500,SRC_02;SRC_03,High,180000,68
2017_07,2017,7,Canadian Grand Prix,villeneuve,Circuit Gilles Villeneuve,Montreal,Canada,Americas,2017-06-11,Hybrid,4.361,70,305.27,93.1,196.8,74.6,Lewis Hamilton,Mercedes,19.8,15,5,23,120000,348000,SRC_02;SRC_03,High,45039,40
2017_08,2017,8,Azerbaijan Grand Prix,baku,Baku City Circuit,Baku,Azerbaijan,Asia,2017-06-25,Street,6.003,51,306.153,124.0,148.1,103.4,Daniel Ricciardo,Red Bull,3.9,13,7,33,31000,77500,SRC_02;SRC_03,High,4147,2
2017_09,2017,9,Austrian Grand Prix,red_bull_ring,Red Bull Ring,Spielberg,Austria,Europe,2017-07-09,Permanent,4.318,71,306.578,81.8,224.9,67.4,Valtteri Bottas,Mercedes,0.6,16,4,21,55000,126500,SRC_02;SRC_03,High,47429,48
2017_10,2017,10,British Grand Prix,silverstone,Silverstone Circuit,Silverstone,United Kingdom,Europe,2017-07-16,Permanent,5.891,51,300.441,81.4,221.2,90.6,Lewis Hamilton,Mercedes,14.1,17,3,26,140000,364000,SRC_02;SRC_03,High,40361,68
2017_11,2017,11,Hungarian Grand Prix,hungaroring,Hungaroring,Mogyoród,Hungary,Europe,2017-07-30,Permanent,4.381,70,306.67,99.8,184.4,80.2,Sebastian Vettel,Ferrari,0.9,17,3,22,79000,213300,SRC_02;SRC_03,High,14352,32
2017_12,2017,12,Belgian Grand Prix,spa,Circuit de Spa-Francorchamps,Stavelot,Belgium,Europe,2017-08-27,Permanent,7.004,44,308.176,84.7,218.2,106.6,Lewis Hamilton,Mercedes,2.4,16,4,28,110000,308000,SRC_02;SRC_03,High,43339,68
2017_13,2017,13,Italian Grand Prix,monza,Autodromo Nazionale di Monza,Monza,Italy,Europe,2017-09-03,Permanent,5.793,53,307.029,75.5,243.6,83.4,Lewis Hamilton,Mercedes,4.5,17,3,20,93000,195300,SRC_02;SRC_03,High,32327,68
2017_14,2017,14,Singapore Grand Prix,marina_bay,Marina Bay Street Circuit,Marina Bay,Singapore,Asia,2017-09-17,Street,5.065,58,293.77,123.6,142.9,105.0,Lewis Hamilton,Mercedes,4.5,12,8,30,78000,241800,SRC_02;SRC_03,High,61176,10
2017_15,2017,15,Malaysian Grand Prix,sepang,Sepang International Circuit,Kuala Lumpur,Malaysia,Asia,2017-10-01,Permanent,5.543,56,310.408,90.0,206.9,94.0,Max Verstappen,Red Bull,12.8,17,3,20,56000,95200,SRC_02;SRC_03,High,9952,19
2017_16,2017,16,Japanese Grand Prix,suzuka,Suzuka International Racing Course,Suzuka,Japan,Asia,2017-10-08,Permanent,5.807,53,307.771,87.5,210.8,93.1,Lewis Hamilton,Mercedes,1.2,16,4,21,68000,149600,SRC_02;SRC_03,High,38428,31
2017_17,2017,17,United States Grand Prix,americas,Circuit of the Americas,Austin,United States,Americas,2017-10-22,Permanent,5.513,56,308.728,93.8,197.3,97.8,Lewis Hamilton,Mercedes,10.1,16,4,27,100000,260000,SRC_02;SRC_03,High,59928,6
2017_18,2017,18,Mexican Grand Prix,rodriguez,Autódromo Hermanos Rodríguez,Mexico City,Mexico,Americas,2017-10-29,Permanent,4.304,71,305.584,96.6,189.8,78.8,Max Verstappen,Red Bull,19.7,16,4,23,135000,351000,SRC_02;SRC_03,High,9288,55
2017_19,2017,19,Brazilian Grand Prix,interlagos,Autódromo José Carlos Pace,São Paulo,Brazil,Americas,2017-11-12,Permanent,4.309,71,305.939,91.4,200.7,71.8,Sebastian Vettel,Ferrari,2.8,16,4,21,70000,147000,SRC_02;SRC_03,High,9924,45
2017_20,2017,20,Abu Dhabi Grand Prix,yas_marina,Yas Marina Circuit,Abu Dhabi,United Arab Emirates,Middle East,2017-11-26,Permanent,5.554,55,305.47,94.2,194.7,100.7,Valtteri Bottas,Mercedes,3.9,18,2,20,60000,144000,SRC_02;SRC_03,High,40649,9
2018_01,2018,1,Australian Grand Prix,albert_park,Albert Park Grand Prix Circuit,Melbourne,Australia,Oceania,2018-03-25,Hybrid,5.303,58,307.574,89.6,206.2,85.9,Sebastian Vettel,Ferrari,5.0,15,5,22,100000,310000,SRC_02;SRC_03,High,57355,23
2018_02,2018,2,Bahrain Grand Prix,bahrain,Bahrain International Circuit,Sakhir,Bahrain,Middle East,2018-04-08,Permanent,5.412,57,308.484,92.0,201.2,93.7,Sebastian Vettel,Ferrari,0.7,17,3,23,33000,92400,SRC_02;SRC_03,High,24022,15
2018_03,2018,3,Chinese Grand Prix,shanghai,Shanghai International Circuit,Shanghai,China,Asia,2018-04-15,Permanent,5.451,56,305.256,95.6,191.6,95.3,Daniel Ricciardo,Red Bull,8.9,19,1,35,62000,155000,SRC_02;SRC_03,High,9977,15
2018_04,2018,4,Azerbaijan Grand Prix,baku,Baku City Circuit,Baku,Azerbaijan,Asia,2018-04-29,Street,6.003,51,306.153,103.7,177.0,105.2,Lewis Hamilton,Mercedes,2.5,13,7,31,35000,87500,SRC_02;SRC_03,High,4721,3
2018_05,2018,5,Spanish Grand Prix,catalunya,Circuit de Barcelona-Catalunya,Montmeló,Spain,Europe,2018-05-13,Permanent,4.655,66,307.23,95.5,193.1,80.4,Lewis Hamilton,Mercedes,20.6,14,6,24,91000,172900,SRC_02;SRC_03,High,30371,28
2018_06,2018,6,Monaco Grand Prix,monaco,Circuit de Monaco,Monte-Carlo,Monaco,Europe,2018-05-27,Street,3.337,78,260.286,102.9,151.7,74.9,Daniel Ricciardo,Red Bull,7.3,17,3,19,65000,214500,SRC_02;SRC_03,High,190000,69
2018_07,2018,7,Canadian Grand Prix,villeneuve,Circuit Gilles Villeneuve,Montreal,Canada,Americas,2018-06-10,Hybrid,4.361,68,296.548,88.5,201.0,73.8,Sebastian Vettel,Ferrari,7.4,17,3,20,120000,348000,SRC_02;SRC_03,High,46233,41
2018_08,2018,8,French Grand Prix,ricard,Circuit Paul Ricard,Le Castellet,France,Europe,2018-06-24,Permanent,5.842,53,309.626,90.2,205.8,94.3,Lewis Hamilton,Mercedes,7.1,16,4,30,65000,149500,SRC_02;SRC_03,High,41464,48
2018_09,2018,9,Austrian Grand Prix,red_bull_ring,Red Bull Ring,Spielberg,Austria,Europe,2018-07-01,Permanent,4.318,71,306.578,81.9,224.5,67.0,Max Verstappen,Red Bull,1.5,14,6,27,65000,149500,SRC_02;SRC_03,High,51462,49
2018_10,2018,10,British Grand Prix,silverstone,Silverstone Circuit,Silverstone,United Kingdom,Europe,2018-07-08,Permanent,5.891,52,306.332,87.5,209.8,90.7,Sebastian Vettel,Ferrari,2.3,14,6,31,140000,364000,SRC_02;SRC_03,High,43043,69
2018_11,2018,11,German Grand Prix,hockenheimring,Hockenheimring,Hockenheim,Germany,Europe,2018-07-22,Permanent,4.574,67,306.458,92.5,198.8,75.6,Lewis Hamilton,Mercedes,4.5,15,5,41,71000,142000,SRC_02;SRC_03,High,47603,49
2018_12,2018,12,Hungarian Grand Prix,hungaroring,Hungaroring,Mogyoród,Hungary,Europe,2018-07-29,Permanent,4.381,70,306.67,97.2,189.3,80.0,Lewis Hamilton,Mercedes,17.1,17,3,21,82000,221400,SRC_02;SRC_03,High,16186,33
2018_13,2018,13,Belgian Grand Prix,spa,Circuit de Spa-Francorchamps,Stavelot,Belgium,Europe,2018-08-26,Permanent,7.004,44,308.176,83.6,221.0,106.3,Sebastian Vettel,Ferrari,11.1,15,5,22,110000,308000,SRC_02;SRC_03,High,46582,69
2018_14,2018,14,Italian Grand Prix,monza,Autodromo Nazionale di Monza,Monza,Italy,Europe,2018-09-02,Permanent,5.793,53,307.029,77.0,239.0,82.5,Lewis Hamilton,Mercedes,8.7,18,2,23,95000,199500,SRC_02;SRC_03,High,34483,69
2018_15,2018,15,Singapore Grand Prix,marina_bay,Marina Bay Street Circuit,Marina Bay,Singapore,Asia,2018-09-16,Street,5.065,61,308.965,111.3,166.4,101.9,Lewis Hamilton,Mercedes,8.9,19,1,23,86000,266600,SRC_02;SRC_03,High,66679,11
2018_16,2018,16,Russian Grand Prix,sochi,Sochi Autodrom,Sochi,Russia,Europe,2018-09-30,Permanent,5.848,53,309.944,87.4,212.7,95.9,Lewis Hamilton,Mercedes,2.5,18,2,21,65000,169000,SRC_02;SRC_03,High,11289,5
2018_17,2018,17,Japanese Grand Prix,suzuka,Suzuka International Racing Course,Suzuka,Japan,Asia,2018-10-07,Permanent,5.807,53,307.771,87.3,211.5,92.4,Lewis Hamilton,Mercedes,12.9,18,2,22,81000,178200,SRC_02;SRC_03,High,39159,32
2018_18,2018,18,United States Grand Prix,americas,Circuit of the Americas,Austin,United States,Americas,2018-10-21,Permanent,5.513,56,308.728,94.2,196.4,97.3,Kimi Räikkönen,Ferrari,1.3,17,3,23,111000,288600,SRC_02;SRC_03,High,62805,7
2018_19,2018,19,Mexican Grand Prix,rodriguez,Autódromo Hermanos Rodríguez,Mexico City,Mexico,Americas,2018-10-28,Permanent,4.304,71,305.584,98.5,186.2,77.2,Max Verstappen,Red Bull,17.3,16,4,31,135000,351000,SRC_02;SRC_03,High,9687,56
2018_20,2018,20,Brazilian Grand Prix,interlagos,Autódromo José Carlos Pace,São Paulo,Brazil,Americas,2018-11-11,Permanent,4.309,71,305.939,87.1,210.6,70.5,Lewis Hamilton,Mercedes,1.5,18,2,24,75000,157500,SRC_02;SRC_03,High,9151,46
2018_21,2018,21,Abu Dhabi Grand Prix,yas_marina,Yas Marina Circuit,Abu Dhabi,United Arab Emirates,Middle East,2018-11-25,Permanent,5.554,55,305.47,99.7,183.9,100.8,Lewis Hamilton,Mercedes,2.6,14,6,23,60000,144000,SRC_02;SRC_03,High,43839,10
2019_01,2019,1,Australian Grand Prix,albert_park,Albert Park Grand Prix Circuit,Melbourne,Australia,Oceania,2019-03-17,Hybrid,5.303,58,307.574,85.4,216.3,85.6,Valtteri Bottas,Mercedes,20.9,17,3,22,102000,316200,SRC_02;SRC_03,High,55060,24
2019_02,2019,2,Bahrain Grand Prix,bahrain,Bahrain International Circuit,Sakhir,Bahrain,Middle East,2019-03-31,Permanent,5.412,57,308.484,94.3,196.3,93.4,Lewis Hamilton,Mercedes,3.0,16,4,34,34000,95200,SRC_02;SRC_03,High,23504,16
2019_03,2019,3,Chinese Grand Prix,shanghai,Shanghai International Circuit,Shanghai,China,Asia,2019-04-14,Permanent,5.451,56,305.256,92.1,198.8,94.7,Lewis Hamilton,Mercedes,6.6,17,3,30,65000,162500,SRC_02;SRC_03,High,10217,16
2019_04,2019,4,Azerbaijan Grand Prix,baku,Baku City Circuit,Baku,Azerbaijan,Asia,2019-04-28,Street,6.003,51,306.153,91.9,199.7,103.1,Valtteri Bottas,Mercedes,1.5,16,4,22,38000,95000,SRC_02;SRC_03,High,4794,4
2019_05,2019,5,Spanish Grand Prix,catalunya,Circuit de Barcelona-Catalunya,Montmeló,Spain,Europe,2019-05-12,Permanent,4.655,66,307.23,95.8,192.4,78.5,Lewis Hamilton,Mercedes,4.1,18,2,30,87000,165300,SRC_02;SRC_03,High,29565,29
2019_06,2019,6,Monaco Grand Prix,monaco,Circuit de Monaco,Monte-Carlo,Monaco,Europe,2019-05-26,Street,3.337,78,260.286,103.4,150.9,74.3,Lewis Hamilton,Mercedes,2.6,19,1,23,65000,214500,SRC_02;SRC_03,High,195000,70
2019_07,2019,7,Canadian Grand Prix,villeneuve,Circuit Gilles Villeneuve,Montreal,Canada,Americas,2019-06-09,Hybrid,4.361,70,305.27,89.1,205.7,73.1,Lewis Hamilton,Mercedes,3.7,18,2,23,120000,348000,SRC_02;SRC_03,High,46195,42
2019_08,2019,8,French Grand Prix,ricard,Circuit Paul Ricard,Le Castellet,France,Europe,2019-06-23,Permanent,5.842,53,309.626,84.5,219.8,92.8,Lewis Hamilton,Mercedes,18.1,19,1,22,60000,138000,SRC_02;SRC_03,High,40494,49
2019_09,2019,9,Austrian Grand Prix,red_bull_ring,Red Bull Ring,Spielberg,Austria,Europe,2019-06-30,Permanent,4.318,71,306.578,82.0,224.2,67.4,Max Verstappen,Red Bull,2.7,20,0,22,70000,161000,SRC_02;SRC_03,High,50138,50
2019_10,2019,10,British Grand Prix,silverstone,Silverstone Circuit,Silverstone,United Kingdom,Europe,2019-07-14,Permanent,5.891,52,306.332,81.1,226.4,87.4,Lewis Hamilton,Mercedes,24.9,17,3,29,141000,366600,SRC_02;SRC_03,High,42330,70
2019_11,2019,11,German Grand Prix,hockenheimring,Hockenheimring,Hockenheim,Germany,Europe,2019-07-28,Permanent,4.574,64,292.736,104.7,167.7,76.6,Max Verstappen,Red Bull,7.3,12,8,78,61000,122000,SRC_02;SRC_03,High,46445,50
2019_12,2019,12,Hungarian Grand Prix,hungaroring,Hungaroring,Mogyoród,Hungary,Europe,2019-08-04,Permanent,4.381,70,306.67,95.1,193.5,77.1,Lewis Hamilton,Mercedes,17.8,18,2,28,85000,229500,SRC_02;SRC_03,High,16732,34
2019_13,2019,13,Belgian Grand Prix,spa,Circuit de Spa-Francorchamps,Stavelot,Belgium,Europe,2019-09-01,Permanent,7.004,44,308.176,83.8,220.6,106.4,Charles Leclerc,Ferrari,0.9,17,3,21,112000,313600,SRC_02;SRC_03,High,46163,70
2019_14,2019,14,Italian Grand Prix,monza,Autodromo Nazionale di Monza,Monza,Italy,Europe,2019-09-08,Permanent,5.793,53,307.029,75.4,244.4,81.8,Charles Leclerc,Ferrari,0.8,17,3,22,100000,210000,SRC_02;SRC_03,High,33567,70
2019_15,2019,15,Singapore Grand Prix,marina_bay,Marina Bay Street Circuit,Marina Bay,Singapore,Asia,2019-09-22,Street,5.065,61,308.965,118.5,156.3,102.4,Sebastian Vettel,Ferrari,2.6,15,5,27,90000,279000,SRC_02;SRC_03,High,65233,12
2019_16,2019,16,Russian Grand Prix,sochi,Sochi Autodrom,Sochi,Russia,Europe,2019-09-29,Permanent,5.848,53,309.944,93.6,198.7,95.8,Lewis Hamilton,Mercedes,3.8,15,5,23,70000,182000,SRC_02;SRC_03,High,11498,6
2019_17,2019,17,Japanese Grand Prix,suzuka,Suzuka International Racing Course,Suzuka,Japan,Asia,2019-10-13,Permanent,5.807,52,301.964,81.9,221.3,91.0,Valtteri Bottas,Mercedes,13.4,18,2,26,89000,195800,SRC_02;SRC_03,High,40113,33
2019_18,2019,18,Mexican Grand Prix,rodriguez,Autódromo Hermanos Rodríguez,Mexico City,Mexico,Americas,2019-10-27,Permanent,4.304,71,305.584,96.7,189.6,79.3,Lewis Hamilton,Mercedes,1.8,17,3,24,135000,351000,SRC_02;SRC_03,High,9950,57
2019_19,2019,19,United States Grand Prix,americas,Circuit of the Americas,Austin,United States,Americas,2019-11-03,Permanent,5.513,56,308.728,93.9,197.0,97.0,Valtteri Bottas,Mercedes,4.1,17,3,27,120000,312000,SRC_02;SRC_03,High,65095,8
2019_20,2019,20,Brazilian Grand Prix,interlagos,Autódromo José Carlos Pace,São Paulo,Brazil,Americas,2019-11-17,Permanent,4.309,71,305.939,93.2,196.8,70.7,Max Verstappen,Red Bull,6.1,16,4,32,78000,163800,SRC_02;SRC_03,High,8897,47
2019_21,2019,21,Abu Dhabi Grand Prix,yas_marina,Yas Marina Circuit,Abu Dhabi,United Arab Emirates,Middle East,2019-12-01,Permanent,5.554,55,305.47,94.1,194.9,99.3,Lewis Hamilton,Mercedes,16.8,18,2,23,60000,144000,SRC_02;SRC_03,High,42701,11
