"event_id","date","year","phase","category","headline","factual_description","impact_dimension","source_citation","confidence"
"CTX_01","2007-06-15","2007","Pre-Event","Contractual","Initial F1 India Agreement Signed","IOA and FOM sign provisional agreement to bring Formula 1 Grand Prix racing to India.","Commercial Feasibility","SRC_06","High"
"CTX_02","2009-10-25","2009","Pre-Event","Contractual","Race Promotion Agreement (RPA) Executed","Jaypee Sports International (JPSI) signs 5-year RPA with FOWC committing ~ annual hosting fees with 5% escalation.","Commercial Feasibility","SRC_06;SRC_08","High"
"CTX_03","2010-03-01","2010","Pre-Event","Capital Expenditure","Construction of Buddh International Circuit","Jaypee Group initiates private construction of 5.125 km Hermann Tilke-designed BIC in Greater Noida at ~ cost.","Direct Financial Cost","SRC_08","High"
"CTX_04","2011-09-12","2011","Active GP Era","Regulatory Impediment","Sports Ministry Classifies F1 as Entertainment","Ministry of Youth Affairs & Sports refuses to categorize F1 as a recognized sport, disqualifying it from sports import exemptions.","Regulatory Impediment","SRC_11","High"
"CTX_05","2011-10-15","2011","Active GP Era","Taxation","Customs Duty & ATA Carnet Bonding Friction","Central Board of Excise and Customs requires substantial security deposits/bank guarantees for team equipment transit.","Regulatory Impediment","SRC_11","High"
"CTX_06","2011-10-21","2011","Active GP Era","Taxation","UP Entertainment Tax Dispute & Escrow Order","Allahabad High Court orders JPSI to deposit 25% of ticket sales in escrow following denial of entertainment tax exemption.","Direct Financial Cost","SRC_10","High"
"CTX_07","2011-10-30","2011","Active GP Era","Sporting/Calendar","Inaugural Indian Grand Prix Held","Buddh International Circuit hosts first F1 race with ~95,000 race day spectators (~110,000 weekend); won by Sebastian Vettel.","Sporting Milestone","SRC_05","High"
"CTX_08","2012-10-28","2012","Active GP Era","Sporting/Calendar","Second Indian Grand Prix Attendance Drops","Race-day attendance declines by 31.6% to ~65,000 spectators as novelty wears off; won by Sebastian Vettel.","Commercial Feasibility","SRC_05","High"
"CTX_09","2013-05-15","2013","Active GP Era","Promoter Financials","Jaypee Group Debt & Currency Depreciation","Macroeconomic headwinds cause INR to slide from 46.7 to over 58.6/USD, increasing effective INR burden of USD-denominated hosting fees.","Direct Financial Cost","SRC_12","High"
"CTX_10","2013-07-30","2013","Active GP Era","Contractual","Announcement of 2014 Calendar Hiatus","FOM announces Indian GP will not be held in 2014 due to scheduling and bureaucratic friction, with planned return in 2015.","Regulatory Impediment","SRC_06","High"
"CTX_11","2013-10-27","2013","Active GP Era","Sporting/Calendar","Third and Final Indian Grand Prix","Attendance records ~60,000 race-day spectators; Sebastian Vettel wins race and clinches 4th Drivers World Championship.","Sporting Milestone","SRC_05","High"
"CTX_12","2014-03-05","2014","Post-Exit & Litigation","Sporting/Calendar","Permanent Omission from F1 Calendar","FIA and FOM release 2014/2015 schedules confirming Indian GP has been permanently omitted due to unresolved commercial terms.","Commercial Feasibility","SRC_06","High"
"CTX_13","2016-11-30","2016","Post-Exit & Litigation","Judicial Ruling","Delhi High Court Permanent Establishment Ruling","Delhi High Court holds BIC served as a Permanent Establishment (PE) for FOWC, creating Indian tax liability on fee transfers.","Legal Precedent","SRC_09","High"
"CTX_14","2017-04-24","2017","Post-Exit & Litigation","Judicial Ruling","Supreme Court Landmark Judgment on FOWC PE","Supreme Court affirms BIC was a fixed place PE for FOWC under Art 5(1) DTAA; rules business profits and royalty income taxable in India.","Legal Precedent","SRC_09","High"
"CTX_15","2020-02-14","2020","Post-Exit & Litigation","Promoter Financials","YEIDA Seals Buddh International Circuit","YEIDA seals circuit following prolonged default by Jaypee Infratech / JPSI on thousands of crores in land lease dues.","Direct Financial Cost","SRC_08","High"
